id_empleado,nombre,posicion,fecha_contratacion
1,Jordan Clark,Camarero,2017-01-21
2,Donna Levy,Chef,2021-02-24
3,Lindsey Ford,Chef,2023-05-31
4,Daniel Crawford,Camarero,2006-02-28
5,Gina Daniels,Recepcionista,2017-11-27
6,Brian Henry,Camarero,2013-04-19
7,William Holmes,Recepcionista,2002-09-01
8,Kathryn Frazier,Chef,2010-04-08
9,Vanessa Perkins,Camarero,2014-01-04
10,Gregory Davis,Camarero,2011-03-29
11,Bethany Massey,Chef,2007-08-29
12,Melanie Black,Camarero,2012-08-12
13,Katelyn Evans,Camarero,2009-03-17
14,Mckenzie Ortiz,Chef,2012-05-30
15,Adrian Knight,Chef,2002-09-07
16,Gregory Mcgee,Recepcionista,2006-09-01
17,Justin Henry,Recepcionista,2020-07-02
18,Kara Daniels,Camarero,2012-07-02
19,Catherine Hunt,Recepcionista,2014-04-16
20,Elizabeth Marquez,Recepcionista,2004-04-12
21,David Reid,Camarero,2001-07-30
22,Christopher Williams,Recepcionista,2016-11-20
23,Thomas Schmidt,Recepcionista,2016-02-17
24,Michele Young,Chef,2006-03-17
25,James Simmons,Chef,2001-01-26
26,Cory Wilson,Chef,2012-11-24
27,Carlos Cruz,Camarero,2022-09-02
28,Brian Lucas,Recepcionista,2022-05-10
29,Brandy Lee,Recepcionista,2022-02-21
30,Jennifer Warner,Camarero,2023-01-27
31,Taylor Douglas,Recepcionista,2014-01-28
32,Christine Avery,Chef,2010-01-08
33,Marilyn Horn,Chef,2004-10-30
34,Michael Wang,Recepcionista,2021-03-26
35,Kyle Mann,Chef,2023-05-09
36,Jerry Walker,Recepcionista,2005-03-18
37,Catherine Porter PhD,Chef,2004-12-05
38,Alexander Alvarado,Recepcionista,2008-09-13
39,Jason Frederick,Chef,2014-08-01
40,Ryan Woods,Camarero,2000-10-21
41,Ashley Morrow,Chef,2007-06-27
42,Nicole Carr,Recepcionista,2023-12-04
43,Jordan Koch,Chef,2001-09-28
44,Katie Nixon,Camarero,2017-10-18
45,Jennifer Fowler,Recepcionista,2006-06-19
46,Stacy Espinoza,Camarero,2011-06-20
47,David Goodman,Recepcionista,2020-10-18
48,Juan Lucas,Chef,2006-07-28
49,Megan Montgomery,Chef,2008-04-19
50,James Brown,Camarero,2005-12-13
51,Nancy Carter,Camarero,2020-01-13
52,Megan Miller,Chef,2019-08-14
53,Troy Frost,Chef,2020-05-28
54,Shannon Mitchell,Chef,2012-12-07
55,Katie Spencer,Recepcionista,2013-04-05
56,Jessica Miranda,Chef,2021-08-04
57,Leslie Reed,Chef,2000-04-24
58,Derek Lawrence,Chef,2023-07-03
59,Corey Richard,Chef,2002-10-31
60,William Larson,Recepcionista,2007-07-15
61,Thomas Small,Recepcionista,2002-07-01
62,Ashlee Harper,Chef,2020-08-24
63,Jodi White,Camarero,2001-04-05
64,Claudia Rodriguez,Recepcionista,2017-06-07
65,Jessica Cabrera,Camarero,2003-01-18
66,Javier Smith,Recepcionista,2004-05-23
67,Angela Jones,Chef,2004-05-20
68,David Hardy,Chef,2008-04-15
69,Kirk Garcia,Chef,2023-04-11
70,Christopher Barker,Camarero,2024-02-07
71,Jeffrey Allen,Recepcionista,2024-02-20
72,Mary Smith,Recepcionista,2000-07-25
73,Victor Sherman,Recepcionista,2013-11-25
74,Dale Marshall,Chef,2020-03-15
75,Shannon Ewing,Recepcionista,2003-03-23
76,Leslie James,Camarero,2014-01-12
77,Cody Lewis,Chef,2019-10-28
78,Craig Trujillo,Chef,2003-05-05
79,Rebecca Russell,Camarero,2019-11-30
80,James Ryan,Camarero,2001-02-11
81,Tommy Kim,Chef,2019-01-22
82,Jennifer Decker,Recepcionista,2005-05-28
83,Mandy Cummings,Recepcionista,2012-03-27
84,Patricia Pruitt,Recepcionista,2001-01-12
85,Charles Estrada,Camarero,2009-01-15
86,Aaron Kim,Recepcionista,2021-09-27
87,Emily Weiss,Recepcionista,2014-04-21
88,Rodney Morris,Camarero,2015-07-03
89,Christopher Davies,Camarero,2016-05-27
90,Timothy Garrison,Chef,2020-10-17
91,Charles Castillo,Recepcionista,2016-07-08
92,Tiffany Gray,Chef,2005-07-15
93,Jacob Rice,Recepcionista,2008-12-28
94,Carolyn Sanchez,Camarero,2018-12-01
95,Elijah Yates,Chef,2024-04-17
96,Jason Howard,Camarero,2013-11-27
97,David Montgomery,Recepcionista,2003-01-12
98,Billy Smith,Recepcionista,2017-03-17
99,Anthony Thomas,Chef,2004-07-30
100,Richard Miller,Recepcionista,2014-08-30
101,Daniel Torres,Recepcionista,2010-02-04
102,Rachel Hutchinson,Recepcionista,2009-10-30
103,Dr. Jamie Bryant,Camarero,2005-06-27
104,Jasmine Porter,Chef,2022-07-21
105,Amy Sullivan,Recepcionista,2018-06-25
106,Anna Wilson,Chef,2003-04-30
107,Kim Benson,Recepcionista,2001-05-17
108,Hector Weaver,Chef,2014-01-27
109,Monica Mckee,Recepcionista,2009-11-16
110,Kelly Drake,Chef,2013-05-14
111,William Salazar,Camarero,2013-12-11
112,Angela Morris,Recepcionista,2018-06-09
113,Charles Sanchez,Chef,2015-04-03
114,Nathaniel Nguyen,Camarero,2008-05-29
115,Melissa Robinson,Camarero,2012-05-27
116,Patrick Mueller,Recepcionista,2017-06-12
117,Nicole Smith,Recepcionista,2022-02-08
118,Joshua Moore,Recepcionista,2010-08-06
119,Patricia Johnson,Chef,2012-05-20
120,Jerome Koch,Camarero,2014-11-06
121,Lisa Harrison,Chef,2020-02-18
122,Jaime Garcia,Recepcionista,2018-10-13
123,Nicole Harrison,Camarero,2019-02-17
124,Connie Hall,Recepcionista,2004-01-26
125,Richard Parsons,Camarero,2015-12-26
126,Timothy Baldwin,Camarero,2003-10-24
127,Walter Long,Camarero,2012-01-04
128,Michael Patel,Chef,2020-12-16
129,Dawn Eaton,Chef,2007-10-30
130,Nicole Fleming,Recepcionista,2009-07-02
131,Maria Martinez,Recepcionista,2022-03-23
132,Chelsea Ramirez,Recepcionista,2010-04-24
133,James Lewis,Camarero,2012-02-08
134,Peter Smith,Recepcionista,2013-06-03
135,Nathan Villa,Camarero,2009-12-05
136,Lisa Mccoy,Chef,2017-07-04
137,Kevin Sanchez,Chef,2002-07-16
138,Elizabeth Ray,Camarero,2010-12-09
139,Tracey Flores,Camarero,2016-05-02
140,Michelle Stafford,Recepcionista,2003-05-07
141,Benjamin Mullins,Camarero,2007-05-08
142,Nicholas Coleman,Recepcionista,2012-02-05
143,Ryan Smith,Chef,2023-11-16
144,Mackenzie Krause,Recepcionista,2020-01-07
145,Robert Allen,Camarero,2023-08-09
146,Anthony Morrison,Recepcionista,2021-08-19
147,Nicholas Wheeler,Camarero,2001-08-21
148,Robert Schultz,Recepcionista,2014-07-27
149,Tyler Avila,Recepcionista,2015-02-04
150,Todd Lee,Recepcionista,2001-04-05
151,Derek Golden,Camarero,2016-09-25
152,Austin Gonzalez,Recepcionista,2013-03-15
153,John Ward,Camarero,2008-03-20
154,Rebecca Gibbs,Chef,2008-03-16
155,Alyssa Joyce,Camarero,2015-12-01
156,Nicholas Ballard,Chef,2008-07-22
157,Jennifer Hubbard,Recepcionista,2015-10-30
158,Luis Alvarez,Recepcionista,2023-05-07
159,Kimberly Howard,Chef,2001-03-05
160,Brad Shelton,Chef,2002-01-13
161,James Page,Camarero,2014-11-18
162,Kayla Mendoza,Camarero,2005-05-23
163,Ryan Jenkins,Recepcionista,2009-02-17
164,Pamela Norton,Camarero,2012-04-24
165,Christopher Schwartz,Recepcionista,2020-03-02
166,Jeremy Lucas,Camarero,2012-05-26
167,Caitlin Norman,Chef,2007-05-12
168,Robert Brown,Recepcionista,2015-09-19
169,Mariah Rios,Camarero,2013-09-07
170,Christine Mcbride,Chef,2021-10-25
171,Daniel Branch,Recepcionista,2019-07-27
172,Donald Suarez,Chef,2010-05-12
173,Robert Conner,Chef,2011-03-21
174,Tara Lee,Recepcionista,2016-09-29
175,John Baxter,Camarero,2010-12-28
176,Charles Smith,Recepcionista,2005-10-17
177,Zachary Thomas,Chef,2006-04-01
178,Carolyn Brown,Camarero,2001-09-07
179,Alexandra Warren,Recepcionista,2013-11-28
180,Jason Wheeler,Recepcionista,2013-03-24
181,Kiara Hall,Chef,2013-01-28
182,John Rodriguez,Recepcionista,2022-07-03
183,Dennis Lowe,Chef,2017-08-13
184,Shelly Rose,Recepcionista,2008-05-29
185,Keith Ware,Recepcionista,2019-12-03
186,Norman Morris,Chef,2022-05-28
187,Michael Sims,Camarero,2023-06-21
188,Tara Scott,Chef,2023-03-23
189,Teresa Watson,Recepcionista,2022-12-26
190,Laura Fisher,Chef,2015-01-03
191,Deborah Clarke,Recepcionista,2017-04-23
192,Chelsea Alvarez,Recepcionista,2013-12-04
193,Kevin Price,Chef,2015-04-10
194,Amanda Ramirez,Chef,2001-04-08
195,Miss Jennifer Herrera DDS,Recepcionista,2009-07-08
196,Brandon King,Recepcionista,2009-01-09
197,Tammie Wilson,Chef,2011-03-27
198,Marilyn Wolf,Recepcionista,2012-03-23
199,Jacob Jones,Chef,2002-07-01
200,Crystal Byrd,Chef,2014-05-10
201,Kyle Beard,Chef,2015-04-22
202,Brandi Jordan,Chef,2003-06-22
203,Linda Williams,Recepcionista,2009-08-11
204,Susan Lopez,Recepcionista,2017-04-23
205,Pamela Pratt,Chef,2001-10-07
206,Corey Dickerson,Chef,2021-12-12
207,Karen Jones,Camarero,2022-01-06
208,James Lawrence,Camarero,2008-06-25
209,Eric Russell,Chef,2003-11-04
210,Alex Jones,Camarero,2003-10-05
211,Wendy Jackson,Chef,2000-05-03
212,Erik Thomas,Recepcionista,2010-06-09
213,Charles Lopez,Camarero,2001-01-28
214,Alexis Morales,Camarero,2007-11-25
215,Stephen Martin,Recepcionista,2012-12-28
216,Haley Davenport,Chef,2006-11-30
217,Keith Perry,Camarero,2017-07-08
218,Diana Willis,Chef,2012-03-18
219,Joan Cole,Chef,2010-06-29
220,Tracey Spencer,Recepcionista,2002-02-22
221,Heather Moss,Chef,2019-07-19
222,Brenda Dunn,Chef,2003-07-24
223,Dr. Vanessa Vargas,Chef,2009-01-12
224,Brian Graham,Chef,2001-12-16
225,Jose Brown,Camarero,2022-02-07
226,Robin Knox,Recepcionista,2014-04-18
227,Aaron Barnes,Camarero,2022-09-23
228,Timothy Clay,Chef,2006-08-03
229,Juan Mosley,Chef,2014-09-19
230,Samuel Kim,Chef,2012-12-29
231,Dr. Kelly Roberts PhD,Chef,2006-12-16
232,Dennis Vasquez,Chef,2003-08-25
233,Alexis Mills,Recepcionista,2001-01-07
234,Joseph Avila,Recepcionista,2019-02-26
235,James Padilla,Camarero,2014-07-04
236,Jennifer Walker,Camarero,2021-08-12
237,Paige Gray,Camarero,2007-11-24
238,Charles Miller,Camarero,2006-12-28
239,Craig Adkins,Recepcionista,2008-05-22
240,Jesus Moore,Camarero,2010-10-06
241,Douglas Beasley,Recepcionista,2020-02-23
242,Jack Carrillo,Chef,2019-04-15
243,Jason Reeves,Chef,2008-08-13
244,David Murphy,Recepcionista,2014-12-17
245,Nicholas Gonzalez,Camarero,2009-02-02
246,Billy Combs,Recepcionista,2007-10-22
247,Sandra Lee,Camarero,2021-03-22
248,Melissa King,Recepcionista,2002-02-28
249,Heather Johnston,Camarero,2018-05-17
250,Jacob Carter,Chef,2013-11-26
251,Eric Taylor,Camarero,2002-06-14
252,Thomas Johnson,Recepcionista,2024-01-09
253,Lisa Contreras,Chef,2006-12-07
254,Jennifer Alvarado,Recepcionista,2002-10-25
255,Jeremy Garcia,Camarero,2007-09-03
256,Brenda Little,Camarero,2000-12-25
257,Sara Flores,Camarero,2005-06-07
258,Ruben Rodriguez,Camarero,2010-01-20
259,Valerie Williams,Chef,2009-05-18
260,Debbie Ray,Chef,2021-03-11
261,Aaron Wilson,Camarero,2004-12-28
262,Brittany Molina,Recepcionista,2018-12-24
263,Dustin Chavez,Recepcionista,2016-06-05
264,Peter Benitez,Chef,2015-08-23
265,Austin Moran,Recepcionista,2014-06-17
266,Christopher Miller,Camarero,2001-06-07
267,Amber Fisher,Chef,2014-08-07
268,Tony Bradford,Recepcionista,2004-05-31
269,Mark Parrish,Recepcionista,2018-03-28
270,Corey Levine,Chef,2001-06-03
271,Karen Lopez,Recepcionista,2013-01-27
272,Maria Garcia,Chef,2021-02-02
273,Juan Adams,Chef,2018-07-08
274,Jordan Dunlap,Recepcionista,2002-06-30
275,Matthew Moses,Camarero,2022-09-01
276,Joshua Richard,Camarero,2010-11-28
277,Sarah Johnson,Chef,2002-03-10
278,Brian Lynn,Chef,2021-07-20
279,Craig Hunter,Chef,2007-11-02
280,Lisa Marks,Recepcionista,2015-04-01
281,Selena Davis,Camarero,2005-03-16
282,Angela Cardenas,Recepcionista,2015-12-03
283,Christopher Anderson,Camarero,2015-04-03
284,Michael Carter,Chef,2002-06-30
285,Carrie Berry,Camarero,2021-10-19
286,Michael Conway,Camarero,2003-05-17
287,Christopher Bryant,Recepcionista,2012-10-23
288,Gary Ferrell,Camarero,2007-07-07
289,Zachary Ashley,Recepcionista,2019-02-12
290,Michael Bryant,Recepcionista,2008-10-23
291,Kathy Singh,Chef,2004-09-10
292,Samuel Williams,Chef,2006-04-05
293,William Ray,Camarero,2021-11-03
294,Jessica Hoover,Chef,2018-09-05
295,Rachel Richards,Camarero,2024-02-22
296,Andrew Garner,Chef,2011-12-08
297,Amy Hensley,Chef,2000-11-23
298,Sara Fletcher,Chef,2011-07-24
299,James Foster,Recepcionista,2012-05-12
300,Jennifer Tucker,Recepcionista,2005-03-24
301,Reginald Warren MD,Chef,2011-04-18
302,Stephen Sanders,Chef,2020-07-16
303,Kristina White,Camarero,2020-08-28
304,Crystal Garcia,Chef,2006-10-18
305,Tyler Miller,Camarero,2006-12-12
306,Deborah Ross,Chef,2000-12-07
307,Michael Pena,Camarero,2022-07-02
308,Andrea Johnson,Recepcionista,2001-02-24
309,James Snyder MD,Chef,2022-05-28
310,Michael Valdez,Recepcionista,2019-11-27
311,Ashley Davis,Camarero,2001-12-26
312,Kevin Douglas,Chef,2024-02-29
313,Donna Tran,Recepcionista,2001-02-11
314,Michael Reed,Chef,2001-07-26
315,Beth Kelly,Chef,2022-03-05
316,Tonya Thompson,Chef,2020-10-11
317,Timothy Stephens,Recepcionista,2001-04-12
318,Tyler Wilson,Camarero,2007-04-07
319,Jane Cook,Camarero,2004-10-17
320,Eric Johnson,Camarero,2007-12-26
321,Donna Fowler,Chef,2023-06-14
322,Jeremiah Smith,Recepcionista,2004-12-27
323,Samantha Davila,Camarero,2000-05-25
324,Mr. Mark Shaw,Recepcionista,2015-09-10
325,Rose Townsend,Chef,2021-04-30
326,Jillian Allen,Recepcionista,2010-11-06
327,Brandon Wagner,Chef,2015-12-29
328,Lisa Wall,Recepcionista,2009-05-02
329,William Reyes,Camarero,2004-03-28
330,Elizabeth Snyder,Chef,2006-03-07
331,Eddie Anderson,Recepcionista,2003-05-02
332,Thomas Evans,Recepcionista,2003-03-12
333,Bruce Peterson,Chef,2008-05-23
334,Tim Stephens Jr.,Chef,2021-01-29
335,Christina Pierce,Recepcionista,2014-05-25
336,Linda Mejia,Chef,2005-09-28
337,Joseph Mullen,Camarero,2015-09-22
338,Victoria Davis,Chef,2015-12-13
339,Mary Bullock,Camarero,2004-08-03
340,Tiffany Smith,Chef,2007-03-29
341,William Bradley,Chef,2023-03-18
342,Andrew Cannon,Camarero,2021-11-28
343,Mercedes Alvarado,Recepcionista,2014-07-03
344,Vincent Ayers,Recepcionista,2015-07-18
345,Ryan Sims,Recepcionista,2023-03-19
346,Steven Peterson,Recepcionista,2007-11-24
347,William Castro,Chef,2024-01-03
348,Anna Rios,Recepcionista,2010-09-23
349,Nicholas Rodriguez,Recepcionista,2008-10-12
350,Angela Thompson,Camarero,2012-09-01
351,Travis Branch,Chef,2022-09-24
352,Stephanie Oconnor,Recepcionista,2018-07-19
353,Adam Clark,Recepcionista,2000-08-30
354,Ruth Sanders,Chef,2003-01-16
355,George Merritt,Chef,2014-07-29
356,Marie Rivera,Recepcionista,2002-05-23
357,Hannah Lewis,Recepcionista,2001-01-15
358,Joseph Rodriguez,Camarero,2018-06-10
359,Joyce Martinez,Chef,2019-08-04
360,Brandi Rivera,Chef,2004-03-20
361,Kathryn Bowers,Recepcionista,2006-05-24
362,Roger Hawkins,Recepcionista,2022-04-24
363,Mary Parker,Chef,2023-01-20
364,Amy Cole,Camarero,2012-12-17
365,Martin Johnson,Recepcionista,2020-10-29
366,Sarah Martinez,Recepcionista,2012-01-08
367,Heather Pena,Chef,2013-01-23
368,Amanda Nelson,Recepcionista,2009-12-03
369,Erika Carroll,Camarero,2012-09-29
370,Michael Gordon,Recepcionista,2020-04-02
371,Olivia Smith,Camarero,2014-06-24
372,Melissa Curry,Chef,2002-05-30
373,Gilbert Hunt,Chef,2012-09-10
374,Jessica Farrell,Camarero,2006-09-05
375,Tammy Holmes,Chef,2016-08-26
376,Jonathan Alexander,Camarero,2012-09-09
377,Richard Ortega,Chef,2008-04-18
378,David Smith,Recepcionista,2014-07-03
379,Jennifer Allen,Recepcionista,2006-11-19
380,Michelle Lewis,Camarero,2020-04-12
381,Marcus York,Chef,2007-04-27
382,Sergio Cox,Recepcionista,2002-08-08
383,Norma Rogers,Chef,2002-01-12
384,Preston Jones,Recepcionista,2020-09-15
385,David Kaufman,Recepcionista,2003-05-25
386,Jessica Smith,Recepcionista,2014-09-11
387,Angela Chavez,Camarero,2004-06-30
388,Parker Clark,Chef,2000-11-15
389,John Stephenson,Camarero,2004-07-27
390,Anna Romero,Recepcionista,2019-05-25
391,Michelle Russo,Chef,2012-05-23
392,Connor Nelson,Recepcionista,2003-02-16
393,Laura Shepherd,Camarero,2022-06-03
394,Misty Prince,Recepcionista,2006-09-10
395,Tommy Jones,Chef,2007-01-31
396,Angela Abbott,Chef,2019-07-02
397,Patrick Hansen,Recepcionista,2014-05-13
398,Michael Daniels,Camarero,2010-12-15
399,Jacqueline Dougherty,Chef,2000-06-17
400,Connor Barrera,Camarero,2021-08-06
401,Andrew Gutierrez,Recepcionista,2015-02-19
402,Andrew Rowland,Recepcionista,2001-10-03
403,John Rice,Recepcionista,2022-04-17
404,Brooke Mason,Camarero,2003-10-09
405,Katherine Weiss,Chef,2015-03-11
406,Mark Evans,Camarero,2014-05-22
407,Maria Ramirez,Chef,2005-03-18
408,Carl Henry,Camarero,2021-07-06
409,Kimberly Hernandez,Recepcionista,2010-12-27
410,Tami Petty,Chef,2016-04-17
411,Suzanne Gilmore,Chef,2003-01-28
412,Kristina Rice,Recepcionista,2009-05-25
413,Sara Clark,Camarero,2021-11-02
414,Karen Brown,Camarero,2017-09-17
415,Christopher Mcfarland,Chef,2003-11-21
416,Christopher Elliott,Camarero,2002-05-19
417,Arthur Turner,Camarero,2020-08-03
418,Robin Young,Recepcionista,2019-07-25
419,Janet Jackson,Recepcionista,2017-03-26
420,Lindsay Freeman,Camarero,2000-09-25
421,Brandon Newton,Chef,2006-06-06
422,Cody Wood,Chef,2000-09-17
423,Anthony Drake,Chef,2019-04-30
424,Isabel Anderson,Chef,2016-11-22
425,Anthony Gordon,Recepcionista,2023-12-28
426,Johnny Horne,Camarero,2000-08-15
427,Charles Morris,Camarero,2005-07-02
428,Joshua Knight,Recepcionista,2017-09-03
429,Dr. Christina Lee MD,Camarero,2003-01-23
430,Tina Jackson,Camarero,2017-11-18
431,Rebekah Nolan,Chef,2014-04-04
432,Crystal Clark,Chef,2009-06-03
433,Stephanie Bates,Camarero,2009-03-02
434,Karina Booth,Camarero,2005-06-14
435,Zachary Ruiz,Recepcionista,2001-02-12
436,Andrew Anderson,Chef,2004-08-22
437,Jimmy Hernandez,Camarero,2006-11-12
438,Ryan Little,Recepcionista,2006-11-27
439,Mary Brown,Recepcionista,2015-05-25
440,Philip Savage,Camarero,2001-07-09
441,Omar Fisher,Chef,2000-10-23
442,Samantha Hall,Recepcionista,2012-07-16
443,David Roberts,Recepcionista,2013-11-27
444,Shane Sullivan,Chef,2006-01-11
445,Dr. Diana Harris,Chef,2020-09-02
446,Megan Martin,Camarero,2014-09-19
447,Todd Cooper,Chef,2003-04-24
448,Robert Martin,Chef,2005-10-18
449,James Bell,Chef,2010-12-05
450,Robin Marshall,Chef,2006-06-02
451,Melissa Combs,Camarero,2022-06-14
452,Ashley Simmons,Chef,2008-03-03
453,Tyler Ortiz,Chef,2005-06-06
454,Kevin Riley,Chef,2001-06-08
455,Sherri Rojas,Chef,2006-07-24
456,Thomas Long,Chef,2021-04-04
457,Kathryn Robinson,Recepcionista,2000-12-30
458,Sherry Gonzales,Chef,2009-11-17
459,Aaron Rogers,Chef,2000-10-09
460,Tyler Hunter,Camarero,2003-02-18
461,Michael Drake,Recepcionista,2000-12-04
462,Jennifer Griffith,Recepcionista,2014-02-16
463,Charles Jackson,Chef,2012-04-22
464,Bridget Howard,Recepcionista,2007-11-01
465,Amber Mendoza,Recepcionista,2024-02-20
466,Kristen Lopez,Camarero,2001-08-02
467,Jeremy Jackson,Recepcionista,2001-11-17
468,Stephen Wilcox,Camarero,2019-10-20
469,David Warren,Camarero,2007-05-13
470,Kathryn Fernandez,Recepcionista,2011-08-21
471,Jillian Wells,Chef,2012-11-25
472,Sheila Richard,Chef,2011-04-04
473,Jimmy Gordon,Chef,2020-05-20
474,Paige Cooper,Camarero,2015-11-09
475,Thomas Blackwell,Recepcionista,2013-04-20
476,Monica Malone,Camarero,2011-08-31
477,Valerie Jones,Chef,2006-08-29
478,Jason Mercado,Camarero,2011-05-17
479,Melissa Taylor DDS,Recepcionista,2023-10-16
480,John Carroll,Camarero,2023-09-10
481,Daniel Torres,Chef,2020-04-02
482,Daniel Rivas,Chef,2018-06-26
483,Lori Kennedy,Recepcionista,2004-06-12
484,Stephanie Phillips,Chef,2006-05-11
485,Jessica Livingston,Camarero,2020-01-05
486,Jonathan Drake,Camarero,2002-05-15
487,Nicholas Carr,Recepcionista,2007-03-09
488,Cheryl Torres,Camarero,2003-12-28
489,Steven Ortiz,Recepcionista,2010-10-24
490,Ryan Curtis,Recepcionista,2017-10-24
491,Abigail Morgan,Recepcionista,2003-01-21
492,Peter Davis,Chef,2002-01-28
493,Maria Matthews,Chef,2022-03-26
494,William Hall,Recepcionista,2001-02-19
495,Joshua Howard,Chef,2018-05-02
496,Debra Norris,Recepcionista,2019-10-02
497,Gregory Phillips,Camarero,2023-02-26
498,David Smith,Chef,2023-05-25
499,Jacob Little,Chef,2007-05-02
500,Andrew Palmer,Recepcionista,2010-07-01
501,Mrs. Tiffany Moyer DDS,Camarero,2014-08-12
502,Selena Diaz,Recepcionista,2000-10-09
503,Jonathan Lawson,Recepcionista,2013-08-17
504,Marcus Keith,Camarero,2004-03-31
505,Matthew Brady,Chef,2007-04-04
506,Martin Taylor,Chef,2019-06-15
507,Sarah Macdonald,Recepcionista,2005-08-05
508,Regina Martinez,Camarero,2010-05-19
509,Ellen Jones,Recepcionista,2020-05-04
510,Jamie Walker,Recepcionista,2013-10-21
511,Mrs. Sheila Craig DDS,Recepcionista,2007-02-09
512,Christopher Kim,Recepcionista,2011-01-27
513,Joshua Moore,Camarero,2019-08-21
514,Sherry Garcia,Recepcionista,2001-08-19
515,Joseph Barnes,Recepcionista,2006-07-31
516,Steven Lane,Camarero,2004-08-09
517,Haley Williams,Recepcionista,2005-08-08
518,Susan Sawyer,Recepcionista,2015-06-17
519,Andrea Johnson,Chef,2023-04-01
520,Leslie Cox,Camarero,2020-04-06
521,Kari Elliott,Chef,2001-12-24
522,Barry Stark,Chef,2013-10-29
523,Joseph Foster,Camarero,2014-11-10
524,Robert Williams,Camarero,2022-01-03
525,Karina Hamilton,Recepcionista,2002-05-19
526,Laura Eaton,Camarero,2003-07-09
527,Barbara Baker,Camarero,2015-01-03
528,Lydia Young,Chef,2007-11-05
529,Jennifer Blake,Camarero,2020-06-16
530,Thomas Smith DDS,Recepcionista,2011-09-16
531,Aaron Davis,Chef,2018-08-17
532,Erin Washington,Chef,2014-01-27
533,Wendy Richardson,Recepcionista,2016-11-13
534,Kathryn Horton,Chef,2012-08-03
535,Cynthia Oconnor,Recepcionista,2000-09-22
536,Mary Wilcox,Camarero,2006-10-20
537,Michael Moore,Camarero,2023-07-15
538,Crystal Horton,Recepcionista,2013-03-05
539,Mary Parker,Camarero,2003-12-16
540,Vanessa Gonzalez,Camarero,2003-03-14
541,Meagan Garcia,Recepcionista,2008-03-13
542,Janet Meyer,Camarero,2006-05-19
543,Jacob Castillo,Chef,2017-03-19
544,Anna Brown,Camarero,2019-01-20
545,Kelly Hopkins,Camarero,2020-07-13
546,Scott Kim,Recepcionista,2021-03-18
547,Jacob Snow,Camarero,2002-09-20
548,Samuel Good,Recepcionista,2007-03-20
549,Daniel Nelson,Recepcionista,2000-10-08
550,Kelly Rios,Camarero,2014-03-08
551,Angel Barnes,Camarero,2023-11-19
552,Hunter Clarke,Camarero,2002-01-17
553,Elizabeth Matthews,Chef,2018-09-23
554,Chelsea Andrews,Recepcionista,2009-11-15
555,Kimberly Phelps,Chef,2009-11-12
556,Luke Johnson,Recepcionista,2022-07-02
557,Kim Diaz,Camarero,2001-10-24
558,Adam Green,Recepcionista,2004-11-28
559,Brad Williamson,Recepcionista,2002-02-06
560,Joshua Clements,Camarero,2023-07-29
561,Thomas Woods,Recepcionista,2013-06-12
562,Tanya Marsh,Chef,2015-02-17
563,Robert Mckenzie,Chef,2014-12-23
564,Daniel Campbell,Chef,2004-03-26
565,Anthony Joyce,Recepcionista,2011-10-11
566,Michael Williams,Chef,2009-06-17
567,Karen Taylor,Camarero,2003-07-29
568,Holly Bates,Camarero,2005-01-17
569,Benjamin Cole,Recepcionista,2001-10-23
570,Pamela Johnson,Camarero,2015-01-06
571,Paula Mathews,Camarero,2013-07-15
572,Felicia Dudley,Recepcionista,2019-07-10
573,Justin Morgan,Recepcionista,2006-12-08
574,Susan Carrillo DDS,Recepcionista,2014-10-23
575,Mary Hernandez,Recepcionista,2000-06-01
576,Rebekah Jordan,Chef,2021-07-20
577,Christina Vasquez,Recepcionista,2016-12-20
578,Seth Payne,Camarero,2010-12-07
579,Victoria Kemp,Chef,2020-08-03
580,Joshua Hall,Recepcionista,2023-09-14
581,Eric Hayes,Recepcionista,2019-11-19
582,Mary Lee,Chef,2010-07-01
583,Lisa James,Chef,2012-10-10
584,Danielle Bauer,Chef,2005-07-17
585,Mariah Reilly,Recepcionista,2003-01-14
586,Robert Fields,Recepcionista,2011-03-10
587,George Castaneda,Chef,2003-10-14
588,Andrew Allen,Chef,2018-01-06
589,Paul Cantrell,Chef,2005-11-20
590,Shawn Harvey,Chef,2007-12-03
591,Katrina Murphy,Chef,2005-10-10
592,Mr. Justin Lyons,Chef,2019-05-16
593,Bonnie Morris,Chef,2017-04-05
594,Edward Young,Recepcionista,2007-06-28
595,Emily Matthews,Camarero,2010-12-17
596,Patricia Reyes,Recepcionista,2015-04-09
597,Cindy Rivers,Chef,2008-04-17
598,Shawn Rowe,Recepcionista,2006-10-01
599,Jeffrey Jones,Chef,2024-01-17
600,Michelle Green,Recepcionista,2012-09-23
601,Justin Tate,Recepcionista,2010-02-13
602,Clinton Garcia,Camarero,2009-09-07
603,Ashley Hart,Camarero,2012-04-21
604,Tyrone Lucero,Camarero,2013-05-13
605,Timothy Salazar,Chef,2023-09-25
606,Kyle Barber,Camarero,2005-04-09
607,Jennifer Fernandez,Camarero,2014-01-19
608,Robert Calderon,Recepcionista,2019-03-23
609,Troy Marshall,Camarero,2006-02-24
610,Anthony Kelly,Camarero,2001-10-14
611,Sarah Parker,Recepcionista,2003-09-18
612,Melissa Cross MD,Camarero,2017-07-26
613,Kristy Brown,Recepcionista,2007-04-18
614,Clifford Lee,Chef,2003-06-13
615,Donna Gray,Chef,2022-10-02
616,Kyle Mathews,Camarero,2022-04-14
617,Mr. Ryan Rivera,Camarero,2003-02-18
618,William Flores,Recepcionista,2013-06-25
619,Jerry Barber,Chef,2013-01-30
620,Michael Casey,Camarero,2021-03-29
621,Kevin Durham,Camarero,2004-04-29
622,Eric Barron,Camarero,2004-01-17
623,Wanda Cohen,Recepcionista,2008-07-15
624,Eric Wiggins,Camarero,2002-03-22
625,Mark French,Recepcionista,2009-11-30
626,Daniel Berry,Recepcionista,2017-03-11
627,Steven Myers,Recepcionista,2006-12-25
628,Amanda Leblanc,Camarero,2017-01-11
629,Emily Wade,Camarero,2020-02-11
630,Michael Francis,Camarero,2014-07-01
631,Lisa Harris,Recepcionista,2022-03-19
632,Richard Hudson,Chef,2001-01-01
633,Brandon Tucker,Chef,2001-07-21
634,Angela Calderon,Camarero,2007-04-24
635,Tyler Rodriguez,Camarero,2015-06-23
636,William Johnson,Recepcionista,2002-01-17
637,Angela Harris,Chef,2010-02-04
638,Joanna Montgomery,Camarero,2008-04-13
639,Jeffery Hamilton,Camarero,2020-04-06
640,David Smith,Chef,2000-02-27
641,Robert Pennington,Camarero,2003-03-20
642,Victor Patrick,Chef,2000-06-29
643,Jerry Ray,Recepcionista,2011-07-30
644,Veronica Williams,Camarero,2009-04-23
645,Carlos Phillips,Recepcionista,2007-06-16
646,Amanda Fernandez,Chef,2003-11-22
647,John Johnson,Recepcionista,2020-09-26
648,Sonya Flores,Camarero,2001-04-13
649,Holly Hendricks,Chef,2017-04-17
650,Courtney Harris,Recepcionista,2001-06-17
651,Scott Stark,Camarero,2022-11-17
652,Amy Simon,Recepcionista,2008-07-25
653,Dr. Jeffery Hawkins MD,Chef,2020-08-17
654,Laurie Edwards,Chef,2021-12-04
655,Jillian Flores,Camarero,2005-03-15
656,Kimberly Ruiz,Recepcionista,2010-11-24
657,Pamela Reeves,Camarero,2015-06-06
658,Cameron Pitts,Camarero,2014-02-24
659,Robert Johnson,Chef,2012-10-10
660,Daniel Anderson,Chef,2016-09-15
661,Caitlyn Gutierrez,Camarero,2001-10-09
662,John Lee,Camarero,2022-06-12
663,Robin Jones,Recepcionista,2011-10-25
664,Diana Garcia,Chef,2011-02-25
665,Mary Sanchez,Chef,2005-09-11
666,Christopher Harrison,Recepcionista,2022-03-05
667,Thomas Lewis,Recepcionista,2017-08-11
668,Louis Price,Camarero,2015-09-10
669,Carly Dunn,Recepcionista,2011-07-03
670,Holly Larson,Chef,2019-04-15
671,Edward Cox,Chef,2008-06-25
672,Edward Drake,Chef,2014-09-22
673,Brent Robinson,Chef,2017-03-24
674,Susan Stewart,Camarero,2019-02-20
675,Tara Palmer,Recepcionista,2005-06-06
676,Aaron Brown,Chef,2009-04-13
677,Nichole Cruz,Camarero,2006-03-31
678,Christopher Herrera,Chef,2000-11-20
679,Matthew Dillon,Recepcionista,2002-03-29
680,Olivia Russo,Chef,2009-02-23
681,Charles Suarez,Recepcionista,2020-08-26
682,Debbie Smith,Recepcionista,2022-04-12
683,Tony Acosta,Recepcionista,2021-12-26
684,James Duncan,Recepcionista,2022-04-03
685,Mary Williams,Recepcionista,2021-08-09
686,Scott Johnson,Chef,2013-08-17
687,Gary Fischer,Camarero,2021-12-18
688,Jeffrey Bullock,Chef,2000-12-23
689,Shelby Alvarez,Camarero,2004-02-24
690,Dorothy Dean,Chef,2011-11-08
691,Richard Murphy,Camarero,2008-07-29
692,Benjamin Roberts,Camarero,2019-01-14
693,Norma Pace,Chef,2012-07-11
694,Jeremiah Brown,Camarero,2009-10-11
695,Jacob Crane,Chef,2017-07-09
696,Jessica Haney,Recepcionista,2015-02-08
697,Daniel Turner,Chef,2000-12-12
698,Erin Johnson,Recepcionista,2002-06-06
699,Kelsey Walker,Recepcionista,2011-12-29
700,Heather Martin,Camarero,2015-11-15
701,Pamela Knapp,Recepcionista,2003-04-08
702,Mark Randall,Chef,2023-10-28
703,Denise Clark,Camarero,2002-02-05
704,Mary Walker,Chef,2001-03-09
705,Michelle Dean,Recepcionista,2022-06-30
706,Carla Johnson,Recepcionista,2017-04-28
707,Cody Cameron,Camarero,2001-06-27
708,Veronica Perez,Camarero,2000-10-06
709,Daniel Brown,Camarero,2000-07-04
710,Carlos Sweeney,Camarero,2011-09-09
711,Monica Henry,Chef,2021-01-16
712,Jeffrey Rodriguez,Recepcionista,2010-10-20
713,Kimberly Jones,Recepcionista,2000-04-20
714,Gerald Freeman,Chef,2019-09-19
715,Robert Miller,Recepcionista,2005-11-26
716,Carlos Padilla,Recepcionista,2004-04-06
717,Amber Hall,Camarero,2020-04-02
718,Steven Huerta,Recepcionista,2015-05-11
719,Michael Walker,Chef,2016-07-13
720,Tiffany Grant,Chef,2017-02-08
721,Tina Thomas,Camarero,2016-11-21
722,Tyler Stewart,Chef,2014-11-16
723,Alice Sanchez,Camarero,2007-10-03
724,Sara Villarreal,Camarero,2011-01-01
725,Elizabeth Murphy,Chef,2023-02-04
726,Jessica Oneill,Recepcionista,2024-01-12
727,Miguel Vega,Recepcionista,2019-07-01
728,Jason Williamson,Chef,2008-06-10
729,Kimberly Johnson,Chef,2007-07-12
730,Kristen Hernandez,Camarero,2008-11-23
731,Miranda Kelly,Chef,2021-04-28
732,Stephanie Richards,Recepcionista,2022-08-19
733,Lisa Jones,Chef,2024-03-29
734,Matthew White DDS,Camarero,2005-07-07
735,Teresa Miller,Recepcionista,2013-08-20
736,Mrs. Susan Contreras,Chef,2023-01-17
737,Cathy Estes,Recepcionista,2023-05-10
738,William Craig,Recepcionista,2018-10-19
739,Timothy Sandoval,Chef,2009-09-13
740,Jeffrey Lester,Chef,2009-09-08
741,Kaitlin Wise,Chef,2003-07-24
742,Eric Lambert,Chef,2015-01-04
743,Diane Barrera,Recepcionista,2017-06-23
744,Elizabeth Sweeney,Recepcionista,2019-04-10
745,Anthony Wilcox,Recepcionista,2017-03-19
746,Jeffrey Lawson,Camarero,2013-05-20
747,Shannon Richardson,Recepcionista,2010-07-25
748,Andrea Lee,Recepcionista,2023-04-20
749,Mike Ross,Camarero,2018-10-04
750,Lance Mendez,Recepcionista,2022-06-26
751,Jonathan Brown,Camarero,2004-01-23
752,Kristina Braun,Recepcionista,2010-10-20
753,Tracy Hernandez,Camarero,2005-05-08
754,Julian Alexander,Camarero,2008-10-07
755,Ronald Banks,Camarero,2007-01-12
756,Gary Li,Chef,2014-02-04
757,Carlos Coleman,Camarero,2022-05-27
758,Christopher Bennett,Camarero,2004-10-04
759,James Smith,Recepcionista,2016-04-18
760,Kristen Barker,Chef,2017-04-04
761,Andrew Beard,Recepcionista,2011-07-30
762,Jaime Dawson MD,Chef,2015-09-06
763,Briana Smith,Recepcionista,2008-06-15
764,Melanie Arnold,Camarero,2008-09-15
765,Sarah Martinez,Camarero,2014-04-10
766,Elizabeth Hodges,Recepcionista,2000-02-22
767,Jacob Stewart,Chef,2008-11-15
768,Tanya Bailey,Recepcionista,2011-12-17
769,Anthony Roberts,Recepcionista,2011-05-26
770,Mitchell Mercado,Camarero,2020-01-01
771,Jacob Rodriguez,Recepcionista,2000-12-14
772,David Cunningham,Recepcionista,2001-04-27
773,Gabriel Murray,Recepcionista,2015-10-29
774,Kevin Clarke,Camarero,2004-11-01
775,Joann Williams,Recepcionista,2002-05-30
776,Christopher Adkins,Chef,2018-06-08
777,Jessica Anderson,Camarero,2021-12-04
778,Lauren Scott,Camarero,2007-06-05
779,Brian Marquez,Chef,2010-06-16
780,Gary Alvarado,Camarero,2010-05-14
781,Paul Fitzgerald,Recepcionista,2022-06-15
782,Stephanie Cruz,Recepcionista,2021-11-18
783,James Zimmerman,Chef,2010-05-29
784,Jennifer Alexander,Recepcionista,2013-10-09
785,Michelle Moore,Recepcionista,2019-01-02
786,Nathan Hawkins,Camarero,2013-10-12
787,Joseph Yates,Camarero,2002-09-11
788,William Valdez,Camarero,2020-10-02
789,Steven Huerta,Camarero,2016-07-14
790,Michael Gilbert,Recepcionista,2014-02-23
791,Karen Garcia,Recepcionista,2014-06-08
792,Natalie Gomez,Camarero,2017-08-24
793,Martin Tyler,Chef,2011-05-12
794,Leslie Shaffer,Recepcionista,2007-07-23
795,Christine Mayo,Recepcionista,2004-09-20
796,Debra Bell,Chef,2011-01-26
797,Thomas Cervantes,Camarero,2008-05-24
798,Lauren Cruz,Recepcionista,2008-07-24
799,Suzanne Schultz,Recepcionista,2019-03-01
800,Kevin Hall,Camarero,2022-04-12
801,Jeanette Smith,Recepcionista,2019-03-02
802,Jonathan Anderson,Recepcionista,2004-06-06
803,Heidi Rogers,Recepcionista,2022-11-11
804,Maria Franco,Camarero,2020-09-02
805,Diana Mcknight,Camarero,2018-06-28
806,Kenneth Butler,Camarero,2011-04-04
807,Maria Gray,Camarero,2014-03-18
808,Richard Fields,Recepcionista,2006-07-22
809,Toni Wagner,Recepcionista,2009-07-15
810,Christine Morris,Chef,2019-12-06
811,Brian Hale,Camarero,2015-08-04
812,Dennis Lee,Chef,2003-03-26
813,Michele Rivas,Recepcionista,2002-09-13
814,Patricia Smith,Chef,2020-04-04
815,Mary Cross,Chef,2022-04-11
816,Jennifer Roberts,Recepcionista,2009-01-20
817,Chris Contreras,Chef,2006-09-03
818,Lisa Spencer,Camarero,2023-11-14
819,Austin Rosario,Camarero,2007-05-07
820,Miss Amber Perez,Chef,2016-05-06
821,Luis Wallace,Chef,2001-09-27
822,Jordan Rodriguez,Recepcionista,2015-10-15
823,Terry Foster,Chef,2021-01-21
824,Michael Torres,Camarero,2022-09-21
825,Joseph Velazquez,Recepcionista,2014-09-16
826,Sean Cook,Camarero,2007-11-30
827,Stephen Fuller,Chef,2011-09-17
828,Brian Chavez,Camarero,2003-08-10
829,Carlos Hall,Recepcionista,2017-07-29
830,Kristen Reed,Camarero,2024-01-03
831,Michael Ramos,Recepcionista,2011-12-20
832,Jeremy Mendoza,Recepcionista,2010-08-02
833,Holly Kennedy,Camarero,2011-11-08
834,Dr. Joanna Wallace,Chef,2013-06-28
835,Justin Mclaughlin DVM,Recepcionista,2006-08-16
836,Christopher Woods,Camarero,2020-06-17
837,Grant Hall,Recepcionista,2013-03-28
838,Christopher Morrow,Chef,2020-07-02
839,Mr. George Schneider,Camarero,2007-05-16
840,Holly Myers,Chef,2005-03-15
841,Denise Brock,Camarero,2003-07-02
842,Maria Edwards,Recepcionista,2012-09-22
843,Victoria Noble,Chef,2016-07-27
844,Nathan Schultz,Camarero,2014-11-16
845,Craig Martin,Camarero,2020-05-13
846,Cynthia Saunders MD,Camarero,2011-06-16
847,Ryan Wilkinson,Chef,2004-09-25
848,Monica Ayala,Camarero,2013-09-02
849,Zachary Russo,Chef,2008-10-04
850,Monica Richardson,Recepcionista,2022-10-14
851,Melanie Tanner,Recepcionista,2005-04-25
852,Gina Bradshaw,Recepcionista,2003-04-07
853,Tony Garza,Chef,2020-01-24
854,Ronald Cannon,Camarero,2020-02-21
855,Allen Rodriguez,Recepcionista,2015-02-02
856,John Gonzalez,Camarero,2019-02-05
857,Heather Montoya,Camarero,2015-02-22
858,Juan Ponce,Camarero,2001-10-06
859,Zachary Soto,Recepcionista,2000-06-12
860,Karen Murphy,Recepcionista,2017-11-23
861,David Schwartz,Recepcionista,2004-06-30
862,Shirley Smith,Camarero,2007-09-03
863,Charles Rosales,Recepcionista,2003-01-16
864,Kathryn White,Recepcionista,2000-04-20
865,Shelley Santiago,Camarero,2008-01-18
866,Michael Richmond,Camarero,2001-02-09
867,Kathy Frederick,Chef,2022-01-28
868,Dr. Kenneth Parker MD,Camarero,2005-08-21
869,Holly Martinez,Recepcionista,2024-04-22
870,Carolyn Jones,Camarero,2012-05-29
871,Jennifer Phillips,Recepcionista,2023-05-18
872,Michael Reed,Chef,2002-11-19
873,Janice Wright,Chef,2021-09-22
874,Brian Fritz,Recepcionista,2024-04-06
875,Lauren Shields,Camarero,2017-07-02
876,Renee Clark,Recepcionista,2020-09-15
877,Melissa Greene,Chef,2013-05-29
878,Martin Arnold,Camarero,2004-09-10
879,Andrea Chavez,Camarero,2006-05-17
880,Melanie Thompson,Recepcionista,2007-07-31
881,Kelsey Phelps,Recepcionista,2019-02-08
882,Megan Bowman,Recepcionista,2008-01-02
883,Emily Bates,Chef,2010-10-29
884,Nicholas Watson,Chef,2017-03-07
885,Ashley Bell,Chef,2014-12-01
886,Ruth Spencer,Chef,2000-02-25
887,Lori Kramer,Camarero,2005-07-29
888,Richard Martinez,Camarero,2014-05-27
889,Michele Walker,Recepcionista,2018-01-21
890,Ariana Hall,Chef,2011-12-03
891,Jeffrey Carey,Recepcionista,2018-12-28
892,Kellie Wagner,Recepcionista,2017-03-25
893,Joshua Miller,Camarero,2009-04-27
894,Rachael Fuentes,Recepcionista,2003-08-29
895,Christopher Herrera,Recepcionista,2015-02-09
896,Emily Johnston,Chef,2014-03-08
897,Heidi Montoya,Chef,2009-11-13
898,Alexander Scott,Recepcionista,2005-12-20
899,Miguel Mendez,Recepcionista,2005-02-20
900,Gary Roberts,Recepcionista,2012-10-30
901,Shannon Gonzalez,Camarero,2015-08-13
902,Robert King,Camarero,2015-05-31
903,Ashley Skinner,Recepcionista,2007-06-28
904,Brenda Brock,Chef,2023-05-19
905,Jacob Henderson,Chef,2009-08-28
906,Kim Wallace,Camarero,2015-04-08
907,Olivia Ayala,Recepcionista,2013-09-08
908,Andrea Calhoun,Recepcionista,2000-08-07
909,Joseph Lewis,Chef,2024-04-18
910,Jessica Wright,Chef,2022-02-18
911,Rebekah Horn MD,Chef,2010-10-23
912,Sarah Kim,Recepcionista,2000-02-02
913,Katherine Smith,Recepcionista,2014-04-13
914,Richard Morales,Recepcionista,2017-11-28
915,Andrew Mann,Recepcionista,2003-11-26
916,Tyler Fisher,Camarero,2004-09-04
917,Kelsey Fleming,Camarero,2008-07-14
918,Kathy Faulkner MD,Chef,2010-06-12
919,Tonya Murphy,Recepcionista,2013-07-26
920,Troy Anderson,Recepcionista,2006-11-09
921,Michael Wilcox,Chef,2002-11-16
922,William Green,Camarero,2019-06-22
923,Cody Ray,Chef,2006-11-04
924,Zachary Miller,Chef,2015-09-26
925,Sarah Jordan,Recepcionista,2010-03-06
926,Leslie Long,Camarero,2008-03-09
927,Savannah Shannon,Chef,2004-03-04
928,Gerald Berger,Camarero,2023-12-10
929,Tracey Wood,Camarero,2018-05-07
930,Ashley Boyd,Camarero,2003-07-21
931,Sandra Williams,Camarero,2019-02-07
932,Michael Richards,Camarero,2023-08-10
933,Pamela Norris,Camarero,2000-02-06
934,Debra Hopkins,Camarero,2022-07-28
935,Thomas Hickman,Camarero,2020-12-12
936,William Williams,Chef,2004-04-15
937,Joseph Morrison,Chef,2015-08-28
938,William Becker,Recepcionista,2023-02-23
939,Mrs. Kimberly French,Chef,2007-10-03
940,Katherine Conley,Chef,2017-02-08
941,Timothy Gonzalez,Chef,2015-07-15
942,Daniel Baker,Camarero,2021-05-11
943,Jamie West PhD,Chef,2000-02-06
944,Brian Pineda,Chef,2018-03-15
945,Madison Williams,Chef,2006-03-21
946,Jennifer Brown,Recepcionista,2000-02-26
947,Linda Alvarado,Chef,2011-05-12
948,Jonathan Norris,Recepcionista,2004-08-23
949,Gregory Moran,Chef,2020-10-18
950,Richard Ford,Chef,2010-08-03
951,Allen Fitzgerald,Chef,2004-12-23
952,Trevor Nelson,Recepcionista,2020-02-12
953,Anthony Woodard,Chef,2004-12-16
954,Casey Jackson,Chef,2003-05-10
955,Randy Young,Camarero,2016-07-23
956,Diana Stewart,Recepcionista,2002-07-23
957,Stephanie Diaz,Chef,2016-05-05
958,Jessica Lewis,Recepcionista,2000-09-17
959,Michael White,Camarero,2024-01-09
960,Melissa Morales,Chef,2012-04-02
961,Janice Dodson,Recepcionista,2021-04-26
962,Valerie Walsh,Chef,2022-08-14
963,Jodi Schroeder,Camarero,2001-05-29
964,Timothy Hodges,Chef,2021-03-17
965,Dr. Jake Montoya,Chef,2004-04-22
966,Anthony Burns,Recepcionista,2007-09-07
967,Lucas Barrett,Camarero,2016-05-27
968,William Rowland,Recepcionista,2013-05-06
969,Alicia Mccarthy,Recepcionista,2014-06-21
970,Jorge Yoder,Chef,2001-09-01
971,Denise Mcdonald,Camarero,2024-03-13
972,Brenda Kelly,Recepcionista,2005-04-05
973,Amy Berry,Recepcionista,2020-09-15
974,Dawn Stafford,Chef,2008-03-28
975,James Novak,Recepcionista,2010-02-09
976,Christopher Martinez,Chef,2009-05-20
977,Jennifer Nixon,Camarero,2001-10-04
978,Michael Foster,Camarero,2001-06-07
979,Alexander Butler,Recepcionista,2007-02-18
980,Joseph Smith,Recepcionista,2022-07-17
981,David Robles,Camarero,2020-01-26
982,William Smith,Chef,2001-07-24
983,Melissa Johnson,Recepcionista,2003-06-28
984,Nicholas Thompson,Camarero,2007-07-20
985,Kurt Allen,Camarero,2009-01-26
986,Greg Contreras,Chef,2000-04-23
987,Timothy Martin,Chef,2005-02-09
988,Lisa Griffin,Recepcionista,2007-11-21
989,Evelyn Robinson,Recepcionista,2024-03-02
990,Kimberly Oconnor,Camarero,2001-05-11
991,Janet Rose,Recepcionista,2006-11-12
992,Victor Smith,Chef,2001-06-16
993,Victor Meyer,Recepcionista,2013-02-17
994,Melissa Merritt,Recepcionista,2023-04-25
995,Yvonne Nguyen,Recepcionista,2010-08-17
996,John Jacobs,Chef,2020-01-29
997,James Webster,Recepcionista,2009-10-01
998,Charles Clark,Recepcionista,2019-02-14
999,Zachary Gonzalez,Camarero,2010-07-01
1000,Kelly Wong,Camarero,2019-08-28
