platoID,nombre,ingredientes,alergenos
1,reach tax,energy whose his fund save,
2,already family,early issue challenge,system save
3,can then,top another possible weight radio,author skin
4,dream,space support million suggest,
5,ahead administration,fine create down event,
6,term,around lawyer,have land
7,already,remain throw stop,
8,serious,process want between,player
9,us,dinner cultural main,however suddenly situation
10,open my,at hundred fine throw around,rich
11,administration,skin model sign however,morning service
12,prove arm,scientist road,suggest believe reason
13,light particularly,difficult young identify,behind
14,into early,position the suffer some animal,during spend serve
15,national,beat find morning,green
16,laugh,institution deal enough economy perhaps,
17,American,act matter,
18,result next,drop world candidate number,Congress
19,expect,factor glass board against,recent people
20,send,which develop teach simple,become
21,military,high effect order real,
22,none,down wife cause administration medical,
23,song certainly,use medical difference lose parent,me benefit bring
24,moment another,purpose public,enjoy
25,enjoy first,growth nearly director even,
26,talk,tell tree herself soldier,
27,public,much difficult wear production,huge unit strategy
28,wear them,start minute,street learn
29,common,program then ball,response least window
30,will,national table,song
31,nothing,author generation open,already staff attack
32,per,show summer,us specific
33,whom seem,who like which own,pressure three run
34,at,back machine you compare,gun hair
35,fine,bank question,situation behavior late
36,scene give,other husband,skin
37,class,bar must,
38,industry play,man enough heart energy range,responsibility cultural very
39,adult husband,future exist business of,head box music
40,exist,let kid,gun bring
41,evening,attorney before,opportunity her
42,not,news ahead national,interest professor
43,quite program,least research type at,
44,choice,stage really plan rather our,environment indicate good
45,life,picture week him us thus,
46,idea,throw threat whole then,often image
47,know,region campaign,
48,wide myself,south may,
49,goal,network those control,
50,either,art use,
51,nor behavior,run go president writer,three measure player
52,walk field,think find alone town those,
53,case try,conference tough father benefit six,detail medical
54,provide,national become left,why choice
55,world,industry service,
56,practice guy,ball prove talk,eat
57,tonight,office who instead eight size,need against walk
58,manage never,threat occur direction,new
59,event,region identify later,take weight
60,particular,chance other,
61,bill cell,organization challenge general protect,check
62,education,someone him until,
63,recently white,civil note,
64,quickly wrong,thousand hope box outside they,crime
65,when tend,poor certain right,out step
66,certainly,game move why,your
67,customer hit,lot international,big foot book
68,record total,question inside rule piece,lot fly couple
69,fund stage,know certain hit reason,charge night
70,big owner,go important partner reason,treat daughter night
71,including,sign build,each
72,garden,public quite,apply
73,huge success,wonder member husband current clearly,rich establish whether
74,size someone,home north add send chair,just
75,represent,service get course,
76,since fear,such growth,country bad
77,conference write,father possible,matter interest study
78,month,remain quickly hot despite according,ever father buy
79,coach,career director,seem down
80,director much,eye power,sometimes age
81,mother,visit term with least argue,
82,check write,gas imagine left station,
83,technology wide,contain staff,
84,citizen,myself difference car serious,
85,agent sit,cover far remember tough,individual treatment my
86,when even,present perform suddenly these wear,
87,me,about herself page nearly language,reality artist affect
88,worry piece,range where allow,production allow consumer
89,brother,budget clear foot remember him,company
90,rock guess,product method cut magazine,exactly
91,market,single do,just language
92,yet two,bank across interview ahead,
93,first,sound unit hope environmental morning,
94,value collection,upon many type case,challenge
95,hard company,artist before future since,instead game myself
96,support small,bill ability born save,
97,never,each wife him think voice,bar another popular
98,although,anyone at price must former,
99,head,remember tend computer,threat force
100,impact,policy better industry affect,travel growth be
101,test economic,allow recognize government history,church
102,performance,open population,thought may
103,clearly,cultural point training law,involve wonder sometimes
104,our,full throughout wall,
105,part team,dark feel end,my here here
106,beat performance,tree past man state on,who
107,detail everyone,boy about must,
108,serious tree,technology hospital sound father,challenge
109,quality team,country different movie,
110,speech official,how interesting data policy,
111,eye,daughter cold city democratic,
112,note,discuss political,future social
113,world yourself,learn apply enter will sense,institution amount image
114,few,set ago road music far,reflect
115,chance,office region,fight laugh return
116,child,stuff response war control able,what affect
117,amount keep,person budget such unit,as race
118,contain,product risk same show culture,
119,book challenge,high eat phone,house
120,meeting,quickly develop success attorney,our recognize
121,Mr,decide east eye seat pattern,job
122,air young,hear market manager part,to say
123,this full,investment ten score left amount,different
124,rather head,meet heart unit state,back
125,wear,late represent,image large
126,author indeed,music window also range size,
127,want,gas each too national glass,
128,design,good collection yourself they,
129,high,new present language election he,expect fly
130,likely,cup us author,
131,win report,take current meeting machine seven,similar method it
132,front,treat meeting,collection yard
133,politics,miss wear return staff,structure often film
134,item word,senior trial,alone hit this
135,safe tree,decision mention owner business,
136,which,join actually certainly magazine who,
137,evening,before pull treatment road accept,expert push right
138,machine international,suggest century always bill especially,almost
139,radio international,science affect type environmental low,
140,rest,choose well management discuss race,more provide north
141,paper national,right away everything notice again,involve actually Mrs
142,bag,participant involve age price about,treatment cost
143,sound building,base expert,theory skill
144,Republican,sit nearly itself less,industry rather ever
145,easy,nation majority movie,executive pull
146,significant she,travel its like letter defense,seven wish
147,society finally,use build,building
148,direction energy,least until win ball little,project peace them
149,check fish,a official,look
150,little participant,hour single,someone father
151,almost position,instead beat writer,forward member church
152,north,little marriage several consider particular,personal now who
153,our Mr,step always,be
154,show,treatment growth sea fine report,president effort yard
155,people,picture laugh,scientist matter beyond
156,usually assume,say boy fight,control
157,middle according,white put,
158,every we,there you focus wear candidate,provide
159,executive western,include information by,probably act charge
160,memory magazine,with popular store,
161,yourself,policy information stock enough,source democratic
162,government same,ability attack health push,get
163,pay medical,yard remain song,PM same
164,rule,beyond community significant,candidate possible remain
165,PM goal,language each better perhaps,bill whose police
166,interesting eat,rock will,despite big consider
167,sell I,black too provide,pressure
168,help power,open respond produce,who eat
169,sport,finally method citizen,one evidence
170,despite,property thing meeting popular safe,only to TV
171,begin,hear cold dark,open
172,best,market throw hospital television list,
173,program bed,coach term find,would
174,it deep,law choice far,common billion onto
175,west,rich thus season place,
176,argue lead,bad tonight from,position
177,may receive,almost real,
178,what,against class whom medical,both new control
179,certain,down analysis address social,moment drive it
180,ever,take will guy campaign how,
181,down,call despite,still
182,standard,note public,race identify player
183,thank,international close evidence certainly,contain entire save
184,bit actually,time gun yes recently another,majority senior
185,color,although begin,western with
186,career medical,never director look or,finally push
187,husband wind,rule forward,every evidence
188,another machine,everybody century should play kind,
189,minute,action society now hope,
190,general will,wind national along special,paper social several
191,instead certainly,low discover artist among according,
192,use citizen,attorney effect drop,garden after
193,clearly,peace little star school,
194,common them,structure could born,
195,clear force,economy up professional wide similar,
196,price,by occur glass,involve bit environmental
197,almost,word show,
198,artist,it choose minute action movie,guess quite night
199,these face,up guess respond,prevent before
200,our protect,white financial expert,
201,like source,administration sign bad,
202,general,attorney interest impact like,
203,quickly value,front yes job investment author,green already various
204,live,house above space body join,travel through
205,employee,agent computer less American,himself themselves
206,my individual,party yourself worker maybe,
207,fly small,issue marriage collection human official,wish all
208,see,someone friend treat serve,
209,end,experience street institution sometimes lead,name
210,bar system,return story pay no present,such really
211,modern soon,focus beautiful soon nature,current
212,mother card,amount national,general mission character
213,try,style which much politics candidate,
214,live product,else huge southern,speech
215,view,issue add image although,
216,where general,interesting particular catch indeed,eat approach audience
217,marriage product,food speech space glass sign,
218,ground age,bank allow,
219,central actually,project sign game let,action expect much
220,up,window them level expect,major growth sense
221,material must,million wait,nice
222,success listen,give day whom,poor throw almost
223,box high,office city baby yourself,
224,head,more almost black small,trade
225,doctor,analysis top entire,imagine field
226,movie environmental,animal quality beat,building alone painting
227,team can,side across,sort project
228,southern idea,can guess,
229,impact,according water party,nice already west
230,something hear,star as,actually
231,job,culture same city,sport site
232,prepare group,staff community civil main,
233,what,modern power arrive drive stuff,democratic anyone season
234,protect,claim painting when agree gas,southern
235,value next,camera break,science
236,difference,stuff win rise need subject,idea notice property
237,cause need,station laugh point century,born
238,spend,catch somebody,door
239,well expect,thus who story,become head
240,over pattern,into nothing,
241,he enter,which and I save,economic buy
242,agree,meeting wife woman,deep operation strong
243,hard garden,father nearly network add buy,
244,purpose,old grow,value mean
245,culture information,discussion nature success opportunity friend,base great
246,speak,night source toward,man
247,set seven,buy relate ever four,likely
248,material,include population drug hour,call
249,care,great feeling service professional,base material increase
250,call,factor budget,recent movement
251,process relationship,able its will audience,beautiful reduce play
252,example cut,manage work however western,tend should
253,experience politics,wide watch seem next,social training easy
254,whole,care whom foot,face somebody
255,term ability,teacher where,poor
256,happen,computer much others hour,
257,already,late dinner next,bad daughter
258,second other,explain guess,
259,say collection,per mission grow,large high
260,Mr,nothing likely top,
261,with,almost finally,they born
262,pick,step head,our sure man
263,knowledge debate,hundred usually those do professional,move later
264,air,worry first,six
265,take fear,activity policy,
266,rule,down word,wife girl
267,year,general end source not,usually writer
268,money we,real point system,song early director
269,life,she television view,too already
270,good our,site term wind social,consumer need
271,film discuss,expect five it half,author
272,nor heavy,often foreign he cost,
273,central property,keep prove glass,
274,that set,force medical today room girl,long
275,end newspaper,home but agree car,movie without though
276,fight involve,too reduce nice maybe,however teacher attorney
277,boy almost,pattern test help thus,speak
278,especially,ability finish,see
279,president,several economy direction,
280,give,ability public,song cultural
281,win respond,I window,person consumer
282,common national,remain true foreign choose trip,business
283,face,simply work our start small,election
284,same what,issue very environment,may
285,late,unit account establish,great young
286,impact,cover science,still majority perhaps
287,almost,such know choose decade tax,road manager evening
288,time then,light model boy,
289,word,thing debate all true,great
290,total forward,region alone goal form,me whether
291,pass hundred,there could research often seek,reach
292,prevent box,culture industry hotel store wish,soldier soldier store
293,born,dog the case action here,
294,side whole,end service thank,color
295,car third,official consumer technology career,
296,speak,back fall business easy still,
297,watch certain,modern that,consider summer
298,music,would year speak avoid,
299,artist both,daughter research decide,
300,husband moment,suffer employee,president
301,agency weight,method usually impact never half,
302,data,set interesting article father,paper
303,difference near,program onto,high
304,general traditional,no specific deal,all trial
305,and,bar treat seven,exist
306,sense happen,particularly candidate great employee,trade go price
307,minute health,dinner act consumer animal,thus
308,level sound,because method its,religious
309,class,big yeah determine town,
310,machine,employee rise support before Congress,former Republican together
311,necessary,night each summer experience president,
312,despite,small take,group civil meet
313,nature,management fish population question,actually
314,system marriage,east computer,
315,nor,billion social just rule high,large
316,leg yet,hold should,bag
317,base,position machine,somebody financial
318,whether drug,amount shake structure happy agree,
319,worker in,writer much value let,
320,toward,watch go issue,
321,whose finally,ten major large ask,
322,across,put evening this,what space
323,program product,program degree draw state agree,similar
324,operation,south ball individual,score popular fly
325,treatment,enter entire teach help,leg movement
326,her,mind out,surface you town
327,field over,financial member,big poor indeed
328,able,certainly sing country once these,organization
329,never,special artist single,structure
330,race while,cup approach moment life,phone
331,college idea,scene have,
332,miss rather,population toward grow surface,station health
333,manager,collection job senior source,source machine
334,action,computer environmental,soldier probably
335,wind,lay certainly fear beyond difference,
336,answer,threat yourself than well,expert TV
337,democratic,leader heart turn service gas,local
338,station,consider spring second,strong actually crime
339,child not,couple artist,guy family security
340,plant,sport sort language,
341,fish,practice think they recognize,
342,picture,store strong find,
343,take,compare win many service much,travel recognize certain
344,teach,beyond goal,
345,course,can dog protect,western
346,unit start,girl conference on by,
347,something,her indicate newspaper almost laugh,need
348,remain,risk note believe,effort behind
349,boy,join decade scientist fund table,
350,enter investment,research owner voice hope wonder,
351,avoid,start stand sense Mr ago,right expert raise
352,figure,why because participant,
353,build choose,public resource choice,usually cut
354,everything might,rise radio memory career sound,
355,relationship,pull woman,eat peace lead
356,rule,western state learn,
357,front anyone,participant attorney style avoid back,
358,half,they let,
359,free amount,series blue,whole yes
360,gas sign,table loss among,street own pay
361,artist,author behind,deep society
362,young bit,oil role feel,purpose
363,similar,let Mr,
364,special herself,exist seat not,without
365,charge wait,class occur economic often,single
366,phone,light memory natural benefit,hear force billion
367,miss,agency most huge could,without former class
368,send newspaper,argue our,network
369,themselves group,best risk cover beyond,
370,perform,indeed evidence type,my develop
371,shake next,dog trade,find
372,cause production,draw yet also,want role task
373,rich this,education report it time,arrive
374,without in,garden in table reflect score,design
375,audience effect,learn than,together Republican idea
376,I,nothing visit,language value practice
377,film,check few thank seek,tax would
378,worry,performance arm mean which,any son
379,law body,keep bank,
380,politics either,decision because commercial say,enough song
381,drive watch,do tend TV just continue,issue soldier owner
382,crime,tonight young,dark
383,add,respond expect may,mention leg
384,concern billion,consumer out too quality,leader third two
385,argue,daughter either order,song catch
386,open medical,edge radio democratic war institution,
387,difficult clearly,recently economic mother,statement billion
388,treat,never east nearly give child,
389,car director,tax bring ready,try activity
390,prepare,language opportunity well,cold
391,bill amount,force head,blue protect
392,statement,technology word possible writer wait,home
393,produce,close poor address impact movement,image
394,major,year high,how property upon
395,learn,whose camera baby sign nice,successful action
396,dark politics,west environment tell term,law
397,audience,life career a run anyone,difference
398,effect require,send maybe allow,task enter
399,involve,draw space player,
400,race candidate,than where watch,water
401,heavy,knowledge major,and in upon
402,computer side,meet population they its still,body administration
403,everyone employee,star clear staff air,glass
404,product administration,father build,
405,quality,human after first,go
406,page,these arm,have laugh through
407,social,rate be,test
408,represent town,because yard knowledge position,tax whose us
409,ahead man,social always clear industry,treatment compare star
410,animal memory,reduce attack blue,
411,yet home,investment thank even age,arrive
412,list,once certainly speak,war
413,tree save,fill political enough,floor
414,half environmental,easy moment war,list across specific
415,even past,air few value official,realize weight policy
416,assume,raise run think,notice price
417,window,few its offer,
418,science level,beat take,realize evidence
419,sister whom,day technology commercial or night,
420,language situation,plant leg certain think but,
421,official full,read establish wonder side,style
422,that,bill cell increase beat,show everything
423,research section,attorney young turn into,seem every heavy
424,far make,strategy identify clear total,leave development part
425,structure move,yard start,leg
426,conference,with ball week,maybe
427,affect strong,movie song hour meet,plan type term
428,bring,alone buy I some,my again
429,wish,morning look together term,
430,strong north,cover local sit,
431,officer,contain study,green
432,along,those message,whole whose worry
433,soldier result,bill institution,improve strategy little
434,positive,big side if feel,study power
435,drug young,issue voice,me door range
436,last term,along attorney spring suddenly,always
437,anything car,between lot responsibility question,during
438,support under,coach develop interesting data last,each hit relationship
439,represent dog,or firm Mr exist although,TV finally
440,finally pattern,worry eat mother statement,
441,wind,determine throw series few both,
442,give,least enough myself work,then room issue
443,might relate,news generation,near win follow
444,form month,actually reveal art,use begin join
445,already,still outside carry join,
446,sound,glass respond,
447,cell name,science since establish civil,
448,concern sell,top across attention million newspaper,real
449,environmental attack,score often run must,
450,early force,card somebody difference,I
451,detail,various dinner forget,and simple
452,send,tonight food,travel partner skin
453,before,specific will success base team,camera trouble
454,argue recognize,chance spend,sign enter list
455,family,career answer at,discuss look
456,sign rich,rest case,trade three
457,result six,serve think,
458,animal leg,theory bill write money,skin describe before
459,cultural bit,social beat out sit effect,
460,more yeah,behind floor,serve as tax
461,different,page institution interesting,drive
462,most young,person law,make effect up
463,production,situation president sort hour nor,nature
464,give current,room myself country,game ago traditional
465,even factor,who artist sister all,popular bring explain
466,beyond,focus thus sort fine,relate
467,building want,woman population morning,want interview north
468,event,evening list stuff approach,second especially
469,rather try,claim begin similar fish three,
470,serve I,little political laugh,home
471,church,couple well,question
472,voice,power market begin list,successful available
473,medical number,include direction,
474,whole know,technology network,can share actually
475,concern,say third,nature
476,yet customer,network spring executive,perhaps
477,boy,whatever capital better world,
478,home,remember why,marriage
479,five finish,magazine drive gas may,
480,different discover,start compare upon stuff beyond,ever
481,town,future whole who,
482,wait,require behind short article more,kitchen
483,citizen,garden majority your there,
484,run,majority simply doctor job,hand catch step
485,idea,class scene million represent involve,personal thank
486,fill,wait level work without appear,near development assume
487,PM,foreign everything focus,contain manage
488,born there,side country myself,
489,ground,dream available especially land,man political
490,same,billion could,thought hour control
491,star,different morning line party use,large around
492,hotel career,toward everyone,avoid to
493,pay,significant including,car citizen on
494,star,hospital their,level middle
495,material recognize,view send so green,property save perhaps
496,affect go,ok long increase simply,
497,table kind,prepare debate often trial,
498,fight,have leader,
499,sit high,be story against,media
500,crime,smile sit few him,school
501,even break,drop difference close,take
502,how,level material course,deal sister direction
503,conference,old ok four ten magazine,
504,between bill,participant leader history source,
505,very together,who west,know audience
506,cost,less evidence ability,trade should
507,play,central sing least third organization,cold fact
508,election,worker rate cause,together degree local
509,its everybody,unit along let political,no box be
510,entire student,board enjoy between,rise while Republican
511,environment,write others worker where son,
512,accept,house subject situation pull,her
513,movie,note until result happen,every much find
514,report three,agency represent,level
515,different figure,effect must,social
516,woman,particular event,onto
517,impact good,administration set,onto
518,world,individual exist music you decade,stop
519,only response,support piece inside how bank,
520,word light,defense itself out,book live ask
521,technology professional,rate child,tonight yes century
522,base degree,police campaign,new
523,until letter,executive bar mouth last,
524,how,player specific far real democratic,pull set
525,cultural,knowledge outside despite join mouth,heart
526,situation forget,evidence pass,control foot boy
527,almost off,worry college,they tonight community
528,explain,poor fund color offer,
529,doctor,event base maybe hope budget,wide dream
530,fact really,knowledge statement,
531,material low,doctor their do,pass
532,letter,easy cause top father bad,
533,from,career eye,make
534,myself party,during room town,often
535,discuss,down meeting case,interesting garden
536,technology,produce side ten white,fish
537,rise media,guess visit political serve,financial
538,administration,person others morning page note,close space either
539,thousand,audience partner,foot stay
540,kind three,father recently total any research,before whose source
541,social,scientist defense none media,
542,war step,production one,hundred week meet
543,box,or movie,go
544,feeling worker,cultural second teacher majority,by main
545,best wind,hotel game toward meeting,
546,north open,little later order,
547,between,soon better team knowledge,receive
548,thus,PM professional bank,natural
549,drop,far keep,always
550,expect note,blood radio attention,Mrs
551,generation pattern,war customer stuff modern in,
552,appear reality,appear imagine response successful ready,simply although
553,same,become together glass,rate happy
554,movie,little discover type accept,
555,laugh,most partner hold,fight
556,carry,minute rest kitchen,
557,back,nature section learn,
558,which economy,turn look,discover defense music
559,between,doctor nation behind cup,travel return
560,source author,several side attack listen around,
561,home,back light system,
562,out,consider however,ball
563,election skill,once toward cold person lot,always
564,industry kind,left scene player idea,
565,so,determine walk least,
566,fight Democrat,son mouth least condition,follow American skill
567,visit call,current worker world,history ball child
568,water,sign them social along manage,
569,various,class number me,
570,try,value commercial ahead,everyone better
571,also,series participant,
572,pass range,see evidence worker,as conference
573,laugh road,white education happy,central recent
574,poor stage,late rock,put score
575,relationship,nice war it save,life customer fine
576,front tough,service six Congress,window skin
577,matter,day send financial town,
578,right,accept support,ok before deep
579,relationship,visit those relate,kid hotel
580,experience,court produce play choose,could until any
581,walk,water concern,baby position way
582,music fight,improve approach,artist probably research
583,road career,save course phone little test,cup my suffer
584,my spend,group all station prevent,
585,huge could,still red want alone,material several
586,view,consumer write single available place,
587,appear another,under someone whose agreement,list
588,raise,senior hour final candidate put,fund piece suggest
589,off,drop remain study,
590,do material,similar must similar area,billion prove
591,wait,language author development not,
592,apply,population black,guy feel local
593,agency,trip best identify,road listen
594,radio prevent,how again,
595,president bring,agreement next money,letter
596,hard,plan crime audience,act yeah catch
597,note,reveal suffer,
598,reach,boy economic once house,long group
599,stop,have great floor,enter pretty soldier
600,inside,argue or happy again,
601,source,affect situation election lose record,quality cultural break
602,fast,adult herself consumer,those to ahead
603,three,language military,difference new
604,letter,avoid ok,
605,sometimes,face officer green,Mr
606,somebody,remain personal option degree,hospital Mr the
607,write attack,with lose market quality,
608,value ability,dream wonder staff store economic,something image
609,no scientist,popular discussion this,control first
610,public,prepare their PM,
611,plant although,professional since,key inside
612,forward stuff,nearly simple race focus vote,race
613,factor line,institution question heavy identify,hold sort
614,top sometimes,probably hope product thought along,have deal measure
615,stuff,its stop,
616,wall quality,south including laugh by material,
617,lay,clear result arm effort,opportunity agent
618,camera,carry food allow,open local fine
619,certainly common,over military management,land national fund
620,training return,between town red,
621,understand,thank analysis reveal give wide,
622,Democrat drop,candidate soldier,
623,probably evidence,baby school,
624,different,young too,popular
625,give,PM successful its be fear,outside each
626,work doctor,born next artist word compare,run test know
627,lay,common life civil,leader
628,either difficult,dinner parent close,hot
629,turn,available commercial thank southern,allow service institution
630,team six,fire although,establish report term
631,phone,agent protect,hear
632,staff,similar candidate,center pick guess
633,entire,if miss member little,guess
634,popular,different measure learn,mention world
635,mind keep,factor style,test sport
636,people,dream with,pay offer left
637,itself,couple economy everyone return material,much government somebody
638,above view,organization past green election,clearly
639,face stock,threat will attorney we similar,decide public take
640,bring,military month,
641,recognize hour,eight son,first
642,work,close work civil,
643,quite,mouth professor similar,
644,possible,book college apply win nor,argue color final
645,someone,hundred glass affect let subject,nor maintain
646,partner maintain,tend international center management,boy
647,trial explain,situation space performance sort ahead,
648,physical,specific may report song,win
649,successful,government pattern language,study
650,like item,affect major respond seat,
651,reason,past adult,
652,argue,agency worker strong material,game full trial
653,beautiful who,speech enter bad room drive,page
654,serious,real brother,find little inside
655,produce,modern professional security,perhaps church he
656,arrive phone,audience image speak wonder,these
657,forward,particularly expect environmental,course
658,live,manager general,
659,degree word,involve drop thousand,when
660,edge among,and public,purpose
661,work science,attack compare success structure,to top
662,deep,avoid hear,policy last assume
663,factor than,exactly six with,
664,break,institution list,five
665,discover,choose power us particular,detail something scene
666,sell,attorney director so,big less every
667,include,now hard Republican trial,
668,price structure,note matter scientist who,drop industry
669,stage account,thus employee experience responsibility,heavy environmental significant
670,pressure foot,consumer fight would,first produce
671,section,trade wish on than,
672,think amount,share heart protect top wrong,
673,board program,after voice capital itself,into under
674,event,experience feeling when,
675,such any,seven might amount,claim
676,by,generation though share understand,
677,whatever it,mother animal step why,movie
678,piece first,throw one group,
679,window,trip hot store alone,create thing everyone
680,society that,rate family worker before,drug interesting
681,sister,top company,
682,visit thing,alone sort least decide,business
683,save must,factor everybody,idea let
684,also wish,hundred foot million live,next cut action
685,and,rest scene drop in public,most out see
686,huge,reality these,note man
687,often late,citizen recent,point
688,drive hospital,brother stock,
689,sort air,drive capital home,
690,expect,response west suffer,late new
691,clearly,blood financial seat human themselves,
692,risk authority,subject area point bit five,strategy
693,receive,film carry help design power,along
694,brother manage,long officer,successful interview trouble
695,especially,structure election provide figure,catch little politics
696,sell only,pattern there project once,grow image
697,show,budget specific its think,laugh human
698,manager,church growth team management trip,interview road
699,miss,yard police central better,try involve
700,get,fear plan final,compare when
701,responsibility night,material red public inside land,measure why when
702,tell suggest,show start,control
703,choice,seven personal music grow,
704,fine,entire product charge move listen,radio peace
705,wish smile,reach social group peace,down political
706,often build,cup edge,
707,performance activity,yes method hotel,determine indicate
708,season,international class like occur,nearly everyone
709,what,Mrs class time,data help any
710,lawyer,section better without,rule before
711,prevent far,dinner either,
712,team,girl step big four parent,
713,energy,skin it need,individual
714,management bar,give baby foot,election next
715,end,tell identify,part sort
716,detail,rich figure,article
717,next country,check represent teacher,
718,music,wide understand school,management word artist
719,tell reduce,next hope machine actually,nearly
720,them,remember that,firm member when
721,happy,central play make,national though
722,deal wall,avoid way over anything administration,why garden moment
723,ball TV,under he apply yard,
724,current,somebody government travel,allow work result
725,where,available program church,central whatever new
726,capital,computer power someone,
727,respond,fund some happen,
728,available,all line theory agree quickly,shoulder employee
729,all,if interest next,involve season
730,from Mr,day she,plan area south
731,nation,yet item decade,such
732,usually,operation evidence,value than
733,last see,avoid it create two difficult,hard buy include
734,meet,man edge speech share,chair reduce open
735,about,baby radio,box
736,become analysis,purpose agree same marriage,chance
737,debate,star garden direction town,
738,since left,beat cell top notice loss,soon often
739,section run,painting tax win,month example
740,husband,visit thing computer,speak wall close
741,else,win simple,direction create
742,study,significant hope contain laugh budget,white might per
743,best,science north while between,arm enter ok
744,section,buy entire rich one even,some
745,structure great,central window state along use,worker gas deal
746,hot politics,whether expect officer,various before left
747,list can,act drive husband ground,treatment rock
748,compare,letter station sell TV although,
749,month degree,watch even evening during join,develop
750,husband,reach seven budget might,
751,door,TV life responsibility eye unit,indeed
752,might sound,pick you detail hard,third include
753,challenge,trial similar push black town,different represent
754,compare too,key Congress,interview account
755,hope behavior,positive difficult,eye more memory
756,design,almost family current,loss listen fight
757,head,near these,live center and
758,Democrat help,professional really behind,floor level or
759,themselves,few stand sense seek piece,by picture
760,act,blood resource mother foreign authority,bad we play
761,yet,turn nation,employee event treat
762,control,rule professional bit price,idea national thousand
763,ask,year tell,image situation something
764,per,billion dog federal travel war,
765,identify increase,nature point mention same,its catch
766,economy,seven physical,side
767,whatever,story guy drive,mind
768,civil training,nor partner paper,another place strong
769,hope worry,open enough,four
770,economy until,outside hard run own,situation movement western
771,ready wife,despite heavy return,guess toward
772,specific,few item story,again art former
773,pattern,conference artist human according,back science
774,feel,south black physical energy,side source growth
775,east,next hard,score
776,will,since car safe body,thank wrong fear
777,rule,line table national,memory
778,military interest,buy appear often,
779,professor,office more although indeed,
780,performance about,mouth future,speech then
781,such,many sort,
782,water thank,him degree choice spring best,tough interest model
783,most affect,dog worker,building population
784,image,room performance,
785,laugh,moment for seven,foot body picture
786,black,both kitchen,state bag them
787,charge,maintain despite energy,read choice trade
788,by,strategy whether,water eat traditional
789,each,great want maintain small trouble,exist about protect
790,kitchen,stock two get lead person,including range
791,drive,at such half structure simply,science
792,center mention,order maintain enjoy,
793,six technology,training management,factor
794,professional,white cell Mr,meet couple
795,sea according,tonight physical green,since kitchen wind
796,it,main hospital cultural offer,last
797,sister born,idea star field general call,open lawyer
798,tonight,grow too,democratic
799,too,development participant issue professional,avoid image it
800,end,call paper,
801,mouth,ready development have affect world,discuss add probably
802,through successful,floor human draw similar event,thousand
803,trade country,college environment available responsibility identify,ready left
804,hot want,important since table,
805,investment occur,particular himself deep appear,than
806,mother,against process,result
807,wish,born should quite life either,door
808,coach,check time military money,purpose fly sure
809,expect weight,others line year,project mission
810,expect,laugh attack hold,early it energy
811,leave,bill thought,report friend
812,subject,view environmental fund education,
813,act,region region,
814,physical consider,girl surface back glass nor,five still
815,cut eye,popular third mean edge message,exactly
816,decade big,nor base top hard,realize charge perhaps
817,environmental will,could marriage food work,
818,red Republican,line report specific,spend member local
819,ability race,seem dinner stay,
820,follow,growth much ever enough expert,bed
821,market,fly everything reason,choose finish begin
822,film,despite enjoy sort,notice perhaps care
823,region,within establish home,
824,act audience,know heavy authority society son,beat
825,ahead,four moment writer,
826,beyond detail,personal certain section,
827,leader half,husband reach finally impact her,law most
828,blue kitchen,near especially fall half,in skill
829,nor certainly,rise likely over white,
830,health score,better policy find,focus we
831,sea less,market remember son,
832,total,model before term issue,according add best
833,gun,he if give,win
834,American,blood TV or beat country,build hit
835,deal,provide feeling,
836,serve serious,possible college enjoy least,
837,off,where west,
838,expert might,produce large should plan,carry
839,with,option onto prevent,often government
840,possible position,how girl test clear,six
841,often shoulder,office amount,
842,risk,purpose process,accept floor
843,camera,wind camera pressure this particular,apply prevent
844,boy,nature ask mouth,range sister
845,pay talk,western rate,create
846,top indeed,soldier information within,between
847,fish through,fast public,finish
848,result,four question continue,
849,do so,rather service difficult up,source sea how
850,develop,beat car doctor important trip,floor
851,girl financial,what play,around
852,couple drop,consider generation interest high owner,
853,role,those know describe their,yes individual north
854,part,debate enter finally energy,again
855,agency,if officer compare however,rule ten prepare
856,usually us,cause event,region challenge
857,social,high pressure reveal change company,present
858,stand,care seven just short practice,pass
859,meeting,information start call Republican cold,occur sense case
860,respond population,newspaper product near yourself recognize,create those machine
861,the very,office huge,event environment each
862,including make,information subject meet cultural itself,
863,for,term keep,write mean
864,training since,early protect pay identify,at rock experience
865,lay,car car,huge
866,prove investment,beautiful laugh unit,
867,decade message,report any first,bit pick
868,at summer,then short let others,design car speech
869,together American,program something ready test,
870,his rest,minute get along recognize executive,suddenly media five
871,together store,edge movement,dog
872,win outside,magazine instead,possible
873,sister opportunity,change natural building,commercial
874,recognize,interest born class,hard
875,individual,agree black possible success positive,alone
876,almost,factor response right build,
877,message sense,hundred will top,site
878,no,leg general trade miss,list Mr difference
879,bank could,cell west whole within box,teach
880,situation trip,card like scientist apply,perhaps recognize power
881,option affect,message family oil,
882,research season,door today particularly,much popular
883,top,gas little enjoy source in,
884,education,yet catch,investment
885,window,forget fire,everything
886,road,rate already assume natural,table
887,walk give,want speak,arrive
888,TV door,study develop,myself
889,decade,appear admit most sound knowledge,take
890,like health,meeting hold risk,garden
891,perhaps television,western entire hear hard,second
892,parent,example collection pattern assume investment,
893,character chair,always person religious,authority well
894,on,police behavior both trade number,alone recently color
895,set,dark adult sell public,news
896,fast,never dark treat fill,investment industry
897,culture,total himself,threat
898,technology you,base summer some,
899,nor,every figure activity,white plant positive
900,game nor,growth free,
901,parent take,since standard she,while always thing
902,focus,building heart,
903,itself,training hand me character car,last
904,yet,form site set like although,commercial opportunity their
905,walk new,couple act already during next,direction
906,money,report direction little,to
907,agency time,level personal able hour,avoid my
908,long good,worry around cover,product radio series
909,fact figure,city answer,plant outside
910,draw,purpose everybody,put
911,security phone,where ever color mind,seem series
912,identify,especially at,
913,than win,public rule difficult,music
914,within,quickly quite region,some
915,energy,international face five break college,
916,film when,drug write much together,tonight modern foreign
917,drug,old none,
918,choose house,discover fight country involve help,exist subject beautiful
919,general old,chance director out shake bank,couple while section
920,teach similar,phone authority,room
921,explain,rate stay recognize,produce cold nature
922,peace,foot return law,training new different
923,young lawyer,next news idea force trade,
924,record,movement happen future employee wish,
925,point him,usually lose,story four
926,senior,you arm similar some letter,dream run young
927,information,court item series on all,by
928,several,treat left,
929,network,modern whatever yeah partner,account position
930,result,certain relate but simply,them
931,thousand other,couple election,really nature
932,listen,detail speech,school writer clear
933,open top,consumer today agent,nor politics game
934,best,first think such may,worker
935,table,produce let,environmental
936,avoid,according white still challenge,of
937,floor story,protect Congress,decade all cause
938,look,field subject focus,
939,system environment,today could,material necessary operation
940,early assume,everybody possible,
941,necessary,there site,good save save
942,together black,within create group girl,instead service address
943,art work,unit see land idea senior,determine
944,manage,middle remember charge election,
945,former coach,bag record,box itself
946,then,glass over,these teach
947,center,standard life sing,
948,say,economic show area certainly,begin
949,environmental allow,name group believe its,seven
950,morning now,view old,PM expect
951,country,firm whether too,lawyer throw
952,pick,in single measure social dark,
953,travel clearly,go high,exist senior
954,answer,lawyer audience prevent mission,responsibility
955,research by,carry total,
956,provide,again PM result plant,book
957,agreement,such place study seek need,
958,never,different maintain media picture happy,not right
959,government style,firm money,
960,nor,goal sometimes,describe defense
961,summer health,enjoy candidate,natural news
962,either,candidate police,agree
963,need,occur environmental religious often likely,child course
964,point series,say source growth us,simply
965,raise,simply care back deep,artist
966,high,score miss,send rather
967,magazine southern,event simply edge treat their,work break interesting
968,government,few beautiful drop,
969,four month,day tend stock spend,next music industry
970,administration,those program shoulder church,
971,similar,try year maintain,article young international
972,allow concern,heart off region serve although,
973,of indeed,listen open they word suddenly,hot role very
974,building oil,wrong seat,move day hundred
975,likely effect,ability education true yeah crime,
976,standard,girl day science sure life,
977,tell against,news one song,strong realize
978,federal,animal too game,town
979,place,like effort strategy meet anyone,
980,yourself,agency light,see social
981,marriage,position size share season,relationship these
982,book,recognize manager guy,power it people
983,report reality,hard here happen,game close
984,kid,natural rest join owner,clearly anything knowledge
985,discuss participant,job poor,
986,itself gun,painting machine,national including direction
987,size,low civil thing,
988,shake recently,sing economy whose quality firm,
989,condition,many kind way begin participant,class
990,position,bit remember form,network put various
991,actually,ability increase according,writer
992,cell five,onto allow family,begin trip
993,finally,identify wait fast,theory special interest
994,very,reveal oil nearly fund,place memory
995,measure,shake everyone,
996,weight sea,need firm among,remember worker life
997,west expect,wind finally career final alone,paper oil
998,if,career start material,
999,floor crime,phone after she,
1000,across message,style those,ability point
